<?xml version="1.0" encoding="UTF-8"?>
<GenRun Id="synth_1" LaunchPart="xc7a35tcpg236-1" LaunchTime="1622595157">
  <File Type="PA-TCL" Name="Top_Module.tcl"/>
  <File Type="REPORTS-TCL" Name="Top_Module_reports.tcl"/>
  <File Type="RDS-RDS" Name="Top_Module.vds"/>
  <File Type="RDS-UTIL" Name="Top_Module_utilization_synth.rpt"/>
  <File Type="RDS-UTIL-PB" Name="Top_Module_utilization_synth.pb"/>
  <File Type="RDS-DCP" Name="Top_Module.dcp"/>
  <FileSet Name="sources" Type="DesignSrcs" RelSrcDir="$PSRCDIR/sources_1">
    <Filter Type="Srcs"/>
    <File Path="$PSRCDIR/sources_1/new/Negative.v">
      <FileInfo>
        <Attr Name="ImportPath" Val="$PPRDIR/../../../../../../../../Desktop/UCSC/CSE - 100/Lab 5/Lab6/Lab6.srcs/sources_1/new/Negative.v"/>
        <Attr Name="ImportTime" Val="1622580507"/>
        <Attr Name="UsedIn" Val="synthesis"/>
        <Attr Name="UsedIn" Val="implementation"/>
        <Attr Name="UsedIn" Val="simulation"/>
      </FileInfo>
    </File>
    <File Path="$PSRCDIR/sources_1/imports/CSE - 100/Lab 5/Lab5/Lab5.srcs/sources_1/new/Ring_Counter.v">
      <FileInfo>
        <Attr Name="ImportPath" Val="$PPRDIR/../../../../../../../../Desktop/UCSC/CSE - 100/Lab 5/Lab5/Lab5.srcs/sources_1/new/Ring_Counter.v"/>
        <Attr Name="ImportTime" Val="1621392672"/>
        <Attr Name="UsedIn" Val="synthesis"/>
        <Attr Name="UsedIn" Val="implementation"/>
        <Attr Name="UsedIn" Val="simulation"/>
      </FileInfo>
    </File>
    <File Path="$PSRCDIR/sources_1/imports/CSE - 100/Lab 5/Lab5/Lab5.srcs/sources_1/new/Selector.v">
      <FileInfo>
        <Attr Name="ImportPath" Val="$PPRDIR/../../../../../../../../Desktop/UCSC/CSE - 100/Lab 5/Lab5/Lab5.srcs/sources_1/new/Selector.v"/>
        <Attr Name="ImportTime" Val="1621392685"/>
        <Attr Name="UsedIn" Val="synthesis"/>
        <Attr Name="UsedIn" Val="implementation"/>
        <Attr Name="UsedIn" Val="simulation"/>
      </FileInfo>
    </File>
    <File Path="$PSRCDIR/sources_1/new/State_machine.v">
      <FileInfo>
        <Attr Name="ImportPath" Val="$PPRDIR/../../../../../../../../Desktop/UCSC/CSE - 100/Lab 5/Lab6/Lab6.srcs/sources_1/new/State_machine.v"/>
        <Attr Name="ImportTime" Val="1622582458"/>
        <Attr Name="UsedIn" Val="synthesis"/>
        <Attr Name="UsedIn" Val="implementation"/>
        <Attr Name="UsedIn" Val="simulation"/>
      </FileInfo>
    </File>
    <File Path="$PSRCDIR/sources_1/imports/CSE - 100/Lab 5/Lab5/Lab5.srcs/sources_1/new/Time_Counter.v">
      <FileInfo>
        <Attr Name="ImportPath" Val="$PPRDIR/../../../../../../../../Desktop/UCSC/CSE - 100/Lab 5/Lab5/Lab5.srcs/sources_1/new/Time_Counter.v"/>
        <Attr Name="ImportTime" Val="1621484386"/>
        <Attr Name="UsedIn" Val="synthesis"/>
        <Attr Name="UsedIn" Val="implementation"/>
        <Attr Name="UsedIn" Val="simulation"/>
      </FileInfo>
    </File>
    <File Path="$PSRCDIR/sources_1/new/countUD8L.v">
      <FileInfo>
        <Attr Name="ImportPath" Val="$PPRDIR/../../../../../../../../Desktop/UCSC/CSE - 100/Lab 5/Lab6/Lab6.srcs/sources_1/new/countUD8L.v"/>
        <Attr Name="ImportTime" Val="1622592723"/>
        <Attr Name="UsedIn" Val="synthesis"/>
        <Attr Name="UsedIn" Val="implementation"/>
        <Attr Name="UsedIn" Val="simulation"/>
      </FileInfo>
    </File>
    <File Path="$PSRCDIR/sources_1/imports/CSE - 100/Lab 5/Lab5/Lab5.srcs/sources_1/new/hex7seg.v">
      <FileInfo>
        <Attr Name="ImportPath" Val="$PPRDIR/../../../../../../../../Desktop/UCSC/CSE - 100/Lab 5/Lab5/Lab5.srcs/sources_1/new/hex7seg.v"/>
        <Attr Name="ImportTime" Val="1621392869"/>
        <Attr Name="UsedIn" Val="synthesis"/>
        <Attr Name="UsedIn" Val="implementation"/>
        <Attr Name="UsedIn" Val="simulation"/>
      </FileInfo>
    </File>
    <File Path="$PSRCDIR/sources_1/new/lab6_clks.v">
      <FileInfo>
        <Attr Name="ImportPath" Val="$PPRDIR/../../../../../../../../Desktop/UCSC/CSE - 100/Lab 5/Lab6/Lab6.srcs/sources_1/new/lab6_clks.v"/>
        <Attr Name="ImportTime" Val="1622575523"/>
        <Attr Name="UsedIn" Val="synthesis"/>
        <Attr Name="UsedIn" Val="implementation"/>
        <Attr Name="UsedIn" Val="simulation"/>
      </FileInfo>
    </File>
    <File Path="$PSRCDIR/sources_1/new/m2_1x7.v">
      <FileInfo>
        <Attr Name="ImportPath" Val="$PPRDIR/../../../../../../../../Desktop/UCSC/CSE - 100/Lab 5/Lab6/Lab6.srcs/sources_1/new/m2_1x7.v"/>
        <Attr Name="ImportTime" Val="1622577500"/>
        <Attr Name="UsedIn" Val="synthesis"/>
        <Attr Name="UsedIn" Val="implementation"/>
        <Attr Name="UsedIn" Val="simulation"/>
      </FileInfo>
    </File>
    <File Path="$PSRCDIR/sources_1/imports/CSE - 100/Lab 5/Lab5/Lab5.srcs/sources_1/imports/new/m8_1e.v">
      <FileInfo>
        <Attr Name="ImportPath" Val="$PPRDIR/../../../../../../../../Desktop/UCSC/CSE - 100/Lab 5/Lab5/Lab5.srcs/sources_1/imports/new/m8_1e.v"/>
        <Attr Name="ImportTime" Val="1621454452"/>
        <Attr Name="UsedIn" Val="synthesis"/>
        <Attr Name="UsedIn" Val="implementation"/>
        <Attr Name="UsedIn" Val="simulation"/>
      </FileInfo>
    </File>
    <File Path="$PSRCDIR/sources_1/imports/new/Top_Module.v">
      <FileInfo>
        <Attr Name="ImportPath" Val="$PPRDIR/../../../../../../../../Desktop/UCSC/CSE - 100/Lab 5/Lab5/Lab5.srcs/sources_1/new/Top_Module.v"/>
        <Attr Name="ImportTime" Val="1621484016"/>
        <Attr Name="UsedIn" Val="synthesis"/>
        <Attr Name="UsedIn" Val="implementation"/>
        <Attr Name="UsedIn" Val="simulation"/>
      </FileInfo>
    </File>
    <Config>
      <Option Name="DesignMode" Val="RTL"/>
      <Option Name="TopModule" Val="Top_Module"/>
      <Option Name="TopAutoSet" Val="TRUE"/>
    </Config>
  </FileSet>
  <FileSet Name="constrs_in" Type="Constrs" RelSrcDir="$PSRCDIR/constrs_1">
    <Filter Type="Constrs"/>
    <File Path="$PSRCDIR/constrs_1/imports/Desktop/Basys3_Master.xdc">
      <FileInfo>
        <Attr Name="ImportPath" Val="$PPRDIR/../../../../../../../../Desktop/UCSC/CSE - 100/Lab3/Lab3.srcs/constrs_1/imports/Desktop/Basys3_Master.xdc"/>
        <Attr Name="ImportTime" Val="1619661727"/>
        <Attr Name="UsedIn" Val="synthesis"/>
        <Attr Name="UsedIn" Val="implementation"/>
      </FileInfo>
    </File>
    <Config>
      <Option Name="TargetConstrsFile" Val="$PSRCDIR/constrs_1/imports/Desktop/Basys3_Master.xdc"/>
      <Option Name="ConstrsType" Val="XDC"/>
    </Config>
  </FileSet>
  <FileSet Name="utils" Type="Utils" RelSrcDir="$PSRCDIR/utils_1">
    <Filter Type="Utils"/>
    <Config>
      <Option Name="TopAutoSet" Val="TRUE"/>
    </Config>
  </FileSet>
  <Strategy Version="1" Minor="2">
    <StratHandle Name="Vivado Synthesis Defaults" Flow="Vivado Synthesis 2019"/>
    <Step Id="synth_design"/>
  </Strategy>
</GenRun>
